{"cameraMode":{"drawMode":0,"name":"Shaded","section":"Shading Mode"},"sceneLighting":false,"audioPlay":false,"sceneViewState":{"showFog":true,"showMaterialUpdate":false,"showSkybox":false,"showFlares":true,"showImageEffects":true,"showParticleSystems":true},"in2DMode":false,"pivot":{"x":-12.099900245666504,"y":1.4601999521255494,"z":4.834650039672852},"rotation":{"x":0.17343825101852418,"y":-0.01038583368062973,"z":0.0018291421001777053,"w":0.9847883582115173},"size":12.02158260345459,"orthographic":false}