{"cameraMode":{"drawMode":0,"name":"Shaded","section":"Shading Mode"},"sceneLighting":false,"audioPlay":false,"sceneViewState":{"showFog":true,"showMaterialUpdate":false,"showSkybox":false,"showFlares":true,"showImageEffects":true,"showParticleSystems":true},"in2DMode":false,"pivot":{"x":27.904293060302736,"y":1.0403615236282349,"z":-41.8250846862793},"rotation":{"x":0.1124645471572876,"y":0.04320414736866951,"z":-0.004894705023616552,"w":0.9927040338516235},"size":1.245234489440918,"orthographic":false}