{"cameraMode":{"drawMode":0,"name":"Shaded","section":"Shading Mode"},"sceneLighting":true,"audioPlay":false,"sceneViewState":{"showFog":true,"showMaterialUpdate":false,"showSkybox":false,"showFlares":true,"showImageEffects":true,"showParticleSystems":true},"in2DMode":false,"pivot":{"x":-1.2451428174972535,"y":1.602599859237671,"z":4.677921295166016},"rotation":{"x":-0.02111753262579441,"y":-0.9697422385215759,"z":0.09075981378555298,"w":-0.2256474643945694},"size":1.1221542358398438,"orthographic":false}