{"cameraMode":{"drawMode":0,"name":"Shaded","section":"Shading Mode"},"sceneLighting":false,"audioPlay":false,"sceneViewState":{"showFog":true,"showMaterialUpdate":false,"showSkybox":false,"showFlares":true,"showImageEffects":true,"showParticleSystems":true},"in2DMode":false,"pivot":{"x":41.70600128173828,"y":0.5099999904632568,"z":-38.94499969482422},"rotation":{"x":0.0536753311753273,"y":0.9194153547286987,"z":-0.13503581285476685,"w":0.3654581904411316},"size":1.4952770471572877,"orthographic":false}