{"cameraMode":{"drawMode":0,"name":"Shaded","section":"Shading Mode"},"sceneLighting":true,"audioPlay":false,"sceneViewState":{"showFog":true,"showMaterialUpdate":false,"showSkybox":false,"showFlares":true,"showImageEffects":true,"showParticleSystems":true},"in2DMode":false,"pivot":{"x":162.11878967285157,"y":3.7028722763061525,"z":209.4597625732422},"rotation":{"x":-0.2435172200202942,"y":-0.0488603413105011,"z":0.01228443905711174,"w":-0.9685872197151184},"size":3.1845762729644777,"orthographic":false}