{"cameraMode":{"drawMode":0,"name":"Shaded","section":"Shading Mode"},"sceneLighting":false,"audioPlay":false,"sceneViewState":{"showFog":true,"showMaterialUpdate":false,"showSkybox":false,"showFlares":true,"showImageEffects":true,"showParticleSystems":true},"in2DMode":false,"pivot":{"x":40.42483139038086,"y":1.6848942041397095,"z":-40.85032272338867},"rotation":{"x":0.2680049240589142,"y":0.15095987915992738,"z":-0.042562101036310199,"w":0.9505646228790283},"size":309.0635986328125,"orthographic":false}